,Model,Dataset,Metric,Mean,Std
0,FMP,german_e,Error Gap,0.07088172435760498,0.0
1,FairGNN,german_e,Error Gap,0.00910233476103917,0.0
2,FairRegGNN,german_e,Error Gap,0.016754387217405263,0.0
3,GATRegressor,german_e,Error Gap,0.08405373245477676,0.0
4,GCNRegressor,german_e,Error Gap,0.037076279520988464,0.0
5,GINRegressor,german_e,Error Gap,0.11180412769317627,0.0
6,GraphSAGERegressor,german_e,Error Gap,0.08907094597816467,0.0
7,MLPRegressor,german_e,Error Gap,0.14221006631851196,0.0
8,FMP,german_f,Error Gap,0.046874821186065674,0.0
9,FairGNN,german_f,Error Gap,0.002007028848776257,0.0
10,FairRegGNN,german_f,Error Gap,0.007794219312273374,0.0
11,GATRegressor,german_f,Error Gap,0.06506224721670151,0.0
12,GCNRegressor,german_f,Error Gap,0.05422374606132507,0.0
13,GINRegressor,german_f,Error Gap,0.18122644985170036,0.0
14,GraphSAGERegressor,german_f,Error Gap,0.09272085130214691,0.0
15,MLPRegressor,german_f,Error Gap,0.11659112572669983,0.0
16,FMP,german_g,Error Gap,0.04768359661102295,0.0
17,FairGNN,german_g,Error Gap,0.016803725370694703,0.0
18,FairRegGNN,german_g,Error Gap,0.01551183724903014,0.0
19,GATRegressor,german_g,Error Gap,0.053825587034225464,0.0
20,GCNRegressor,german_g,Error Gap,0.04169899970293045,0.0
21,GINRegressor,german_g,Error Gap,0.2288116507769687,0.0
22,GraphSAGERegressor,german_g,Error Gap,0.039213627576828,0.0
23,MLPRegressor,german_g,Error Gap,0.07294237613677979,0.0
24,FMP,german_h,Error Gap,0.03808075189590454,0.0
25,FairGNN,german_h,Error Gap,0.010594124905765057,0.0
26,FairRegGNN,german_h,Error Gap,0.025893050237620938,0.0
27,GATRegressor,german_h,Error Gap,0.03477513790130615,0.0
28,GCNRegressor,german_h,Error Gap,0.06701961159706116,0.0
29,GINRegressor,german_h,Error Gap,0.1332198828458786,0.0
30,GraphSAGERegressor,german_h,Error Gap,0.06926603615283966,0.0
31,MLPRegressor,german_h,Error Gap,0.06112682819366455,0.0
32,FMP,german_s,Error Gap,0.049220383167266846,0.0
33,FairGNN,german_s,Error Gap,0.0258737420968062,0.0
34,FairRegGNN,german_s,Error Gap,0.017442470529826948,0.0
35,GATRegressor,german_s,Error Gap,0.0320470929145813,0.0
36,GCNRegressor,german_s,Error Gap,0.057708531618118286,0.0
37,GINRegressor,german_s,Error Gap,0.09889650344848633,0.0
38,GraphSAGERegressor,german_s,Error Gap,0.06855326890945435,0.0
39,MLPRegressor,german_s,Error Gap,0.11567668616771698,0.0
40,FMP,german_t,Error Gap,0.04532116651535034,0.0
41,FairGNN,german_t,Error Gap,0.008961895480751991,0.0
42,FairRegGNN,german_t,Error Gap,0.016696838020918186,0.0
43,GATRegressor,german_t,Error Gap,0.03530395030975342,0.0
44,GCNRegressor,german_t,Error Gap,0.025919854640960693,0.0
45,GINRegressor,german_t,Error Gap,0.11931222346370471,0.0
46,GraphSAGERegressor,german_t,Error Gap,0.1484004557132721,0.0
47,MLPRegressor,german_t,Error Gap,0.06725837290287018,0.0
48,FMP,nba_m,Error Gap,0.023247189819812775,0.0
49,FairGNN,nba_m,Error Gap,0.388702392578125,0.0
50,FairRegGNN,nba_m,Error Gap,0.04189181327819824,0.0
51,GATRegressor,nba_m,Error Gap,0.09390854835510254,0.0
52,GCNRegressor,nba_m,Error Gap,0.020016610622406006,0.0
53,GINRegressor,nba_m,Error Gap,0.016210734844207764,0.0
54,GraphSAGERegressor,nba_m,Error Gap,0.030263952910900116,0.0
55,MLPRegressor,nba_m,Error Gap,0.01467922329902649,0.0
56,FMP,nba_p,Error Gap,0.05232203006744385,0.0
57,FairGNN,nba_p,Error Gap,0.026457250118255615,0.0
58,FairRegGNN,nba_p,Error Gap,0.048305962319787794,0.0
59,GATRegressor,nba_p,Error Gap,0.045101940631866455,0.0
60,GCNRegressor,nba_p,Error Gap,0.09208649396896362,0.0
61,GINRegressor,nba_p,Error Gap,0.1175926923751831,0.0
62,GraphSAGERegressor,nba_p,Error Gap,0.09267503023147583,0.0
63,MLPRegressor,nba_p,Error Gap,0.02475377917289734,0.0
64,FMP,region_job_2_g,Error Gap,0.006120651960372925,0.0
65,FairGNN,region_job_2_g,Error Gap,0.4894702434539795,0.0
66,FairRegGNN,region_job_2_g,Error Gap,0.003307938575744629,0.0
67,GATRegressor,region_job_2_g,Error Gap,0.011087477207183838,0.0
68,GCNRegressor,region_job_2_g,Error Gap,0.00613558292388916,0.0
69,GINRegressor,region_job_2_g,Error Gap,0.020351827144622803,0.0
70,GraphSAGERegressor,region_job_2_g,Error Gap,0.017101041972637177,0.0
71,MLPRegressor,region_job_2_g,Error Gap,0.02234790474176407,0.0
72,FMP,region_job_2_r,Error Gap,0.012378036975860596,0.0
73,FairGNN,region_job_2_r,Error Gap,0.6862810850143433,0.0
74,FairRegGNN,region_job_2_r,Error Gap,0.029045037925243378,0.0
75,GATRegressor,region_job_2_r,Error Gap,0.005687117576599121,0.0
76,GCNRegressor,region_job_2_r,Error Gap,0.03504246473312378,0.0
77,GINRegressor,region_job_2_r,Error Gap,0.02012866735458374,0.0
78,GraphSAGERegressor,region_job_2_r,Error Gap,0.013209961354732513,0.0
79,MLPRegressor,region_job_2_r,Error Gap,0.0112982839345932,0.0
80,FMP,region_job_g,Error Gap,0.0020252466201782227,0.0
81,FairGNN,region_job_g,Error Gap,0.321710467338562,0.0
82,FairRegGNN,region_job_g,Error Gap,0.008766472339630127,0.0
83,GATRegressor,region_job_g,Error Gap,0.011380374431610107,0.0
84,GCNRegressor,region_job_g,Error Gap,0.0010028481483459473,0.0
85,GINRegressor,region_job_g,Error Gap,0.021067678928375244,0.0
86,GraphSAGERegressor,region_job_g,Error Gap,0.01596219837665558,0.0
87,MLPRegressor,region_job_g,Error Gap,0.020653074943872883,0.0
88,FMP,region_job_r,Error Gap,0.004954442381858826,0.0
89,FairGNN,region_job_r,Error Gap,0.2995508909225464,0.0
90,FairRegGNN,region_job_r,Error Gap,0.01912778615951538,0.0
91,GATRegressor,region_job_r,Error Gap,0.008938908576965332,0.0
92,GCNRegressor,region_job_r,Error Gap,0.01637369394302368,0.0
93,GINRegressor,region_job_r,Error Gap,0.01545727252960205,0.0
94,GraphSAGERegressor,region_job_r,Error Gap,0.004809103906154633,0.0
95,MLPRegressor,region_job_r,Error Gap,0.0030343346297740936,0.0
96,FMP,german_e,KS Gap,1.024043083190918,0.0
97,FairGNN,german_e,KS Gap,1.095358967781067,0.0
98,FairRegGNN,german_e,KS Gap,1.0865651369094849,0.0
99,GATRegressor,german_e,KS Gap,1.0099505186080933,0.0
100,GCNRegressor,german_e,KS Gap,1.044376254081726,0.0
101,GINRegressor,german_e,KS Gap,1.8086761236190796,0.0
102,GraphSAGERegressor,german_e,KS Gap,1.0480884313583374,0.0
103,MLPRegressor,german_e,KS Gap,1.064215898513794,0.0
104,FMP,german_f,KS Gap,1.0163862705230713,0.0
105,FairGNN,german_f,KS Gap,1.079000473022461,0.0
106,FairRegGNN,german_f,KS Gap,1.0867414474487305,0.0
107,GATRegressor,german_f,KS Gap,0.9866842031478882,0.0
108,GCNRegressor,german_f,KS Gap,1.0462065935134888,0.0
109,GINRegressor,german_f,KS Gap,1.7198647260665894,0.0
110,GraphSAGERegressor,german_f,KS Gap,1.047899603843689,0.0
111,MLPRegressor,german_f,KS Gap,1.0590112209320068,0.0
112,FMP,german_g,KS Gap,1.0084205865859985,0.0
113,FairGNN,german_g,KS Gap,1.0957669019699097,0.0
114,FairRegGNN,german_g,KS Gap,1.0837352275848389,0.0
115,GATRegressor,german_g,KS Gap,1.0156185626983643,0.0
116,GCNRegressor,german_g,KS Gap,1.0430188179016113,0.0
117,GINRegressor,german_g,KS Gap,1.8088306188583374,0.0
118,GraphSAGERegressor,german_g,KS Gap,1.030843734741211,0.0
119,MLPRegressor,german_g,KS Gap,1.0309780836105347,0.0
120,FMP,german_h,KS Gap,1.0007127523422241,0.0
121,FairGNN,german_h,KS Gap,1.091257095336914,0.0
122,FairRegGNN,german_h,KS Gap,1.0588682889938354,0.0
123,GATRegressor,german_h,KS Gap,1.0318299531936646,0.0
124,GCNRegressor,german_h,KS Gap,1.0430949926376343,0.0
125,GINRegressor,german_h,KS Gap,1.3312734365463257,0.0
126,GraphSAGERegressor,german_h,KS Gap,1.067041039466858,0.0
127,MLPRegressor,german_h,KS Gap,1.0799592733383179,0.0
128,FMP,german_s,KS Gap,1.0344172716140747,0.0
129,FairGNN,german_s,KS Gap,1.103387475013733,0.0
130,FairRegGNN,german_s,KS Gap,1.0604344606399536,0.0
131,GATRegressor,german_s,KS Gap,1.0087339878082275,0.0
132,GCNRegressor,german_s,KS Gap,1.0544377565383911,0.0
133,GINRegressor,german_s,KS Gap,2.079282522201538,0.0
134,GraphSAGERegressor,german_s,KS Gap,1.0003116130828857,0.0
135,MLPRegressor,german_s,KS Gap,1.0739555358886719,0.0
136,FMP,german_t,KS Gap,1.0048683881759644,0.0
137,FairGNN,german_t,KS Gap,1.0909978151321411,0.0
138,FairRegGNN,german_t,KS Gap,1.0810155868530273,0.0
139,GATRegressor,german_t,KS Gap,1.0084270238876343,0.0
140,GCNRegressor,german_t,KS Gap,1.0321282148361206,0.0
141,GINRegressor,german_t,KS Gap,1.137380599975586,0.0
142,GraphSAGERegressor,german_t,KS Gap,1.0597788095474243,0.0
143,MLPRegressor,german_t,KS Gap,1.0420817136764526,0.0
144,FMP,nba_m,KS Gap,0.556961178779602,0.0
145,FairGNN,nba_m,KS Gap,1.7698657512664795,0.0
146,FairRegGNN,nba_m,KS Gap,0.8911693096160889,0.0
147,GATRegressor,nba_m,KS Gap,0.8320327401161194,0.0
148,GCNRegressor,nba_m,KS Gap,0.7870808839797974,0.0
149,GINRegressor,nba_m,KS Gap,1.0131206512451172,0.0
150,GraphSAGERegressor,nba_m,KS Gap,1.077126145362854,0.0
151,MLPRegressor,nba_m,KS Gap,1.0851374864578247,0.0
152,FMP,nba_p,KS Gap,0.5850508213043213,0.0
153,FairGNN,nba_p,KS Gap,0.9708158373832703,0.0
154,FairRegGNN,nba_p,KS Gap,0.7006871104240417,0.0
155,GATRegressor,nba_p,KS Gap,0.6981481909751892,0.0
156,GCNRegressor,nba_p,KS Gap,0.6368789076805115,0.0
157,GINRegressor,nba_p,KS Gap,0.8479435443878174,0.0
158,GraphSAGERegressor,nba_p,KS Gap,1.1039475202560425,0.0
159,MLPRegressor,nba_p,KS Gap,1.1183727979660034,0.0
160,FMP,region_job_2_g,KS Gap,0.4985869824886322,0.0
161,FairGNN,region_job_2_g,KS Gap,4.329047679901123,0.0
162,FairRegGNN,region_job_2_g,KS Gap,0.6006358861923218,0.0
163,GATRegressor,region_job_2_g,KS Gap,0.7723894715309143,0.0
164,GCNRegressor,region_job_2_g,KS Gap,0.5427123308181763,0.0
165,GINRegressor,region_job_2_g,KS Gap,0.6422701478004456,0.0
166,GraphSAGERegressor,region_job_2_g,KS Gap,0.9518308639526367,0.0
167,MLPRegressor,region_job_2_g,KS Gap,0.9591328501701355,0.0
168,FMP,region_job_2_r,KS Gap,0.3784818947315216,0.0
169,FairGNN,region_job_2_r,KS Gap,3.764800786972046,0.0
170,FairRegGNN,region_job_2_r,KS Gap,0.6214722394943237,0.0
171,GATRegressor,region_job_2_r,KS Gap,0.771410346031189,0.0
172,GCNRegressor,region_job_2_r,KS Gap,0.5562694072723389,0.0
173,GINRegressor,region_job_2_r,KS Gap,0.6464898586273193,0.0
174,GraphSAGERegressor,region_job_2_r,KS Gap,0.9522634148597717,0.0
175,MLPRegressor,region_job_2_r,KS Gap,0.9585932493209839,0.0
176,FMP,region_job_g,KS Gap,0.473503440618515,0.0
177,FairGNN,region_job_g,KS Gap,4.201948642730713,0.0
178,FairRegGNN,region_job_g,KS Gap,0.5722688436508179,0.0
179,GATRegressor,region_job_g,KS Gap,0.7734453082084656,0.0
180,GCNRegressor,region_job_g,KS Gap,0.5406345129013062,0.0
181,GINRegressor,region_job_g,KS Gap,0.668708860874176,0.0
182,GraphSAGERegressor,region_job_g,KS Gap,0.9502535462379456,0.0
183,MLPRegressor,region_job_g,KS Gap,0.9596500992774963,0.0
184,FMP,region_job_r,KS Gap,0.4702921211719513,0.0
185,FairGNN,region_job_r,KS Gap,2.8952090740203857,0.0
186,FairRegGNN,region_job_r,KS Gap,0.6223155856132507,0.0
187,GATRegressor,region_job_r,KS Gap,0.7848278284072876,0.0
188,GCNRegressor,region_job_r,KS Gap,0.536455512046814,0.0
189,GINRegressor,region_job_r,KS Gap,0.704001784324646,0.0
190,GraphSAGERegressor,region_job_r,KS Gap,0.9522144794464111,0.0
191,MLPRegressor,region_job_r,KS Gap,0.9582273364067078,0.0
192,FMP,german_e,MAE Gap,0.29159078001976013,0.0
193,FairGNN,german_e,MAE Gap,0.10086512565612793,0.0
194,FairRegGNN,german_e,MAE Gap,0.12368667125701904,0.0
195,GATRegressor,german_e,MAE Gap,0.3248956501483917,0.0
196,GCNRegressor,german_e,MAE Gap,0.26633794157248514,0.0
197,GINRegressor,german_e,MAE Gap,0.2755260467529297,0.0
198,GraphSAGERegressor,german_e,MAE Gap,0.3744993805885315,0.0
199,MLPRegressor,german_e,MAE Gap,0.3283294438124464,0.0
200,FMP,german_f,MAE Gap,0.24029934406280518,0.0
201,FairGNN,german_f,MAE Gap,0.08667230606079102,0.0
202,FairRegGNN,german_f,MAE Gap,0.09660005569458008,0.0
203,GATRegressor,german_f,MAE Gap,0.2854181230068207,0.0
204,GCNRegressor,german_f,MAE Gap,0.2508069964717364,0.0
205,GINRegressor,german_f,MAE Gap,0.5266143083572388,0.0
206,GraphSAGERegressor,german_f,MAE Gap,0.36160948877711885,0.0
207,MLPRegressor,german_f,MAE Gap,0.37951274740962526,0.0
208,FMP,german_g,MAE Gap,0.25648367404937744,0.0
209,FairGNN,german_g,MAE Gap,0.07910239696502686,0.0
210,FairRegGNN,german_g,MAE Gap,0.09848582744598389,0.0
211,GATRegressor,german_g,MAE Gap,0.2863899106673673,0.0
212,GCNRegressor,german_g,MAE Gap,0.27918324450116355,0.0
213,GINRegressor,german_g,MAE Gap,0.48046863079071045,0.0
214,GraphSAGERegressor,german_g,MAE Gap,0.35780829965573835,0.0
215,MLPRegressor,german_g,MAE Gap,0.32759090822261916,0.0
216,FMP,german_h,MAE Gap,0.2151287943124771,0.0
217,FairGNN,german_h,MAE Gap,0.11269629001617432,0.0
218,FairRegGNN,german_h,MAE Gap,0.10930615663528442,0.0
219,GATRegressor,german_h,MAE Gap,0.2733570337295532,0.0
220,GCNRegressor,german_h,MAE Gap,0.2607161624502665,0.0
221,GINRegressor,german_h,MAE Gap,0.2858434216230582,0.0
222,GraphSAGERegressor,german_h,MAE Gap,0.3501436796620187,0.0
223,MLPRegressor,german_h,MAE Gap,0.3817618191242218,0.0
224,FMP,german_s,MAE Gap,0.2670597732067108,0.0
225,FairGNN,german_s,MAE Gap,0.1017996072769165,0.0
226,FairRegGNN,german_s,MAE Gap,0.10730552673339844,0.0
227,GATRegressor,german_s,MAE Gap,0.2084629237651825,0.0
228,GCNRegressor,german_s,MAE Gap,0.2492305382478793,0.0
229,GINRegressor,german_s,MAE Gap,0.32549405097961426,0.0
230,GraphSAGERegressor,german_s,MAE Gap,0.35763007402420044,0.0
231,MLPRegressor,german_s,MAE Gap,0.34171608738082726,0.0
232,FMP,german_t,MAE Gap,0.20841985940933228,0.0
233,FairGNN,german_t,MAE Gap,0.1027677059173584,0.0
234,FairRegGNN,german_t,MAE Gap,0.10964441299438477,0.0
235,GATRegressor,german_t,MAE Gap,0.2548603415489197,0.0
236,GCNRegressor,german_t,MAE Gap,0.2981007431874484,0.0
237,GINRegressor,german_t,MAE Gap,0.3443858027458191,0.0
238,GraphSAGERegressor,german_t,MAE Gap,0.4124538490968073,0.0
239,MLPRegressor,german_t,MAE Gap,0.41944026947021484,0.0
240,FMP,nba_m,MAE Gap,0.13563563563563563,0.0
241,FairGNN,nba_m,MAE Gap,0.5603315234184265,0.0
242,FairRegGNN,nba_m,MAE Gap,0.07392174750566483,0.0
243,GATRegressor,nba_m,MAE Gap,0.16466466466466467,0.0
244,GCNRegressor,nba_m,MAE Gap,0.3183183183183183,0.0
245,GINRegressor,nba_m,MAE Gap,0.21508302933744353,0.0
246,GraphSAGERegressor,nba_m,MAE Gap,0.16616616616616617,0.0
247,MLPRegressor,nba_m,MAE Gap,0.16616616616616617,0.0
248,FMP,nba_p,MAE Gap,0.22853761911392212,0.0
249,FairGNN,nba_p,MAE Gap,0.14478351869811756,0.0
250,FairRegGNN,nba_p,MAE Gap,0.154676616191864,0.0
251,GATRegressor,nba_p,MAE Gap,0.17801318996180016,0.0
252,GCNRegressor,nba_p,MAE Gap,0.1919461488723755,0.0
253,GINRegressor,nba_p,MAE Gap,0.4379619359970093,0.0
254,GraphSAGERegressor,nba_p,MAE Gap,0.2905730605125427,0.0
255,MLPRegressor,nba_p,MAE Gap,0.20824255049228668,0.0
256,FMP,region_job_2_g,MAE Gap,0.031611553779448916,0.0
257,FairGNN,region_job_2_g,MAE Gap,1.0288209915161133,0.0
258,FairRegGNN,region_job_2_g,MAE Gap,0.02840195545132894,0.0
259,GATRegressor,region_job_2_g,MAE Gap,0.05174417785728134,0.0
260,GCNRegressor,region_job_2_g,MAE Gap,0.028038477726038086,0.0
261,GINRegressor,region_job_2_g,MAE Gap,0.04503059387207031,0.0
262,GraphSAGERegressor,region_job_2_g,MAE Gap,0.05151873826980591,0.0
263,MLPRegressor,region_job_2_g,MAE Gap,0.0533248707652092,0.0
264,FMP,region_job_2_r,MAE Gap,0.08663025976092172,0.0
265,FairGNN,region_job_2_r,MAE Gap,1.279786950926018,0.0
266,FairRegGNN,region_job_2_r,MAE Gap,0.04038050323761146,0.0
267,GATRegressor,region_job_2_r,MAE Gap,0.15339288909985668,0.0
268,GCNRegressor,region_job_2_r,MAE Gap,0.1461435758886894,0.0
269,GINRegressor,region_job_2_r,MAE Gap,0.1577284159167769,0.0
270,GraphSAGERegressor,region_job_2_r,MAE Gap,0.13855357468128204,0.0
271,MLPRegressor,region_job_2_r,MAE Gap,0.13019683957099915,0.0
272,FMP,region_job_g,MAE Gap,0.020537960247801024,0.0
273,FairGNN,region_job_g,MAE Gap,0.8425675630569458,0.0
274,FairRegGNN,region_job_g,MAE Gap,0.020623207092285156,0.0
275,GATRegressor,region_job_g,MAE Gap,0.03432094668008715,0.0
276,GCNRegressor,region_job_g,MAE Gap,0.025090760143571214,0.0
277,GINRegressor,region_job_g,MAE Gap,0.03380632400512695,0.0
278,GraphSAGERegressor,region_job_g,MAE Gap,0.02955019287765026,0.0
279,MLPRegressor,region_job_g,MAE Gap,0.03157140623573147,0.0
280,FMP,region_job_r,MAE Gap,0.046972541056638006,0.0
281,FairGNN,region_job_r,MAE Gap,1.0805469355065918,0.0
282,FairRegGNN,region_job_r,MAE Gap,0.03944781301282144,0.0
283,GATRegressor,region_job_r,MAE Gap,0.11170620278643333,0.0
284,GCNRegressor,region_job_r,MAE Gap,0.08199642964313807,0.0
285,GINRegressor,region_job_r,MAE Gap,0.09974380185883124,0.0
286,GraphSAGERegressor,region_job_r,MAE Gap,0.08182807266712189,0.0
287,MLPRegressor,region_job_r,MAE Gap,0.07769246399402618,0.0
288,FMP,german_e,MSE,0.05014662444591522,0.0
289,FairGNN,german_e,MSE,1.791666727513075e-05,0.0
290,FairRegGNN,german_e,MSE,0.0014835436595603824,0.0
291,GATRegressor,german_e,MSE,0.05718165636062622,0.0
292,GCNRegressor,german_e,MSE,0.014209449291229248,0.0
293,GINRegressor,german_e,MSE,0.08670079708099365,0.0
294,GraphSAGERegressor,german_e,MSE,0.0564541220664978,0.0
295,MLPRegressor,german_e,MSE,0.05102419853210449,0.0
296,FMP,german_f,MSE,0.029287654906511307,0.0
297,FairGNN,german_f,MSE,1.5257595805451274e-05,0.0
298,FairRegGNN,german_f,MSE,0.0006889770738780499,0.0
299,GATRegressor,german_f,MSE,0.0397571325302124,0.0
300,GCNRegressor,german_f,MSE,0.02567654848098755,0.0
301,GINRegressor,german_f,MSE,0.08039936941671046,0.0
302,GraphSAGERegressor,german_f,MSE,0.04639780521392822,0.0
303,MLPRegressor,german_f,MSE,0.05611294507980347,0.0
304,FMP,german_g,MSE,0.02654975652694702,0.0
305,FairGNN,german_g,MSE,1.9998988136649132e-05,0.0
306,FairRegGNN,german_g,MSE,0.0009872176451608539,0.0
307,GATRegressor,german_g,MSE,0.02414381504058838,0.0
308,GCNRegressor,german_g,MSE,0.041509151458740234,0.0
309,GINRegressor,german_g,MSE,0.15903043746948242,0.0
310,GraphSAGERegressor,german_g,MSE,0.020393967628479004,0.0
311,MLPRegressor,german_g,MSE,0.06479638814926147,0.0
312,FMP,german_h,MSE,0.028050407767295837,0.0
313,FairGNN,german_h,MSE,6.29021305940114e-05,0.0
314,FairRegGNN,german_h,MSE,0.002841242356225848,0.0
315,GATRegressor,german_h,MSE,0.00875215232372284,0.0
316,GCNRegressor,german_h,MSE,0.0214117169380188,0.0
317,GINRegressor,german_h,MSE,0.027681946754455566,0.0
318,GraphSAGERegressor,german_h,MSE,0.062444865703582764,0.0
319,MLPRegressor,german_h,MSE,0.04250948131084442,0.0
320,FMP,german_s,MSE,0.02850192040205002,0.0
321,FairGNN,german_s,MSE,6.174460577312857e-05,0.0
322,FairRegGNN,german_s,MSE,0.0014444803819060326,0.0
323,GATRegressor,german_s,MSE,0.007567644119262695,0.0
324,GCNRegressor,german_s,MSE,0.03295338153839111,0.0
325,GINRegressor,german_s,MSE,0.07766321301460266,0.0
326,GraphSAGERegressor,german_s,MSE,0.03932511806488037,0.0
327,MLPRegressor,german_s,MSE,0.05053669214248657,0.0
328,FMP,german_t,MSE,0.033065296709537506,0.0
329,FairGNN,german_t,MSE,7.526722038164735e-05,0.0
330,FairRegGNN,german_t,MSE,0.0023499089293181896,0.0
331,GATRegressor,german_t,MSE,0.019831858575344086,0.0
332,GCNRegressor,german_t,MSE,0.016222655773162842,0.0
333,GINRegressor,german_t,MSE,0.05424721539020538,0.0
334,GraphSAGERegressor,german_t,MSE,0.012584507465362549,0.0
335,MLPRegressor,german_t,MSE,0.023931682109832764,0.0
336,FMP,nba_m,MSE,0.011271476745605469,0.0
337,FairGNN,nba_m,MSE,0.18083296716213226,0.0
338,FairRegGNN,nba_m,MSE,0.004849337041378021,0.0
339,GATRegressor,nba_m,MSE,0.07529989629983902,0.0
340,GCNRegressor,nba_m,MSE,0.0029968619346618652,0.0
341,GINRegressor,nba_m,MSE,0.002416849136352539,0.0
342,GraphSAGERegressor,nba_m,MSE,0.012189388275146484,0.0
343,MLPRegressor,nba_m,MSE,0.013198889791965485,0.0
344,FMP,nba_p,MSE,0.05088131129741669,0.0
345,FairGNN,nba_p,MSE,0.023859471082687378,0.0
346,FairRegGNN,nba_p,MSE,0.012521868571639061,0.0
347,GATRegressor,nba_p,MSE,0.0016425028443336487,0.0
348,GCNRegressor,nba_p,MSE,0.07364055514335632,0.0
349,GINRegressor,nba_p,MSE,0.019185245037078857,0.0
350,GraphSAGERegressor,nba_p,MSE,0.08001706004142761,0.0
351,MLPRegressor,nba_p,MSE,0.0177779458463192,0.0
352,FMP,region_job_2_g,MSE,0.0005378425121307373,0.0
353,FairGNN,region_job_2_g,MSE,0.3495981362209285,0.0
354,FairRegGNN,region_job_2_g,MSE,0.0002740025520324707,0.0
355,GATRegressor,region_job_2_g,MSE,0.004883080720901489,0.0
356,GCNRegressor,region_job_2_g,MSE,0.005578517913818359,0.0
357,GINRegressor,region_job_2_g,MSE,0.0012525320053100586,0.0
358,GraphSAGERegressor,region_job_2_g,MSE,0.009298017248511314,0.0
359,MLPRegressor,region_job_2_g,MSE,0.01292422041296959,0.0
360,FMP,region_job_2_r,MSE,0.011570945382118225,0.0
361,FairGNN,region_job_2_r,MSE,0.46958398818969727,0.0
362,FairRegGNN,region_job_2_r,MSE,0.01986074447631836,0.0
363,GATRegressor,region_job_2_r,MSE,0.004246830940246582,0.0
364,GCNRegressor,region_job_2_r,MSE,0.027237236499786377,0.0
365,GINRegressor,region_job_2_r,MSE,0.013866841793060303,0.0
366,GraphSAGERegressor,region_job_2_r,MSE,0.005995884537696838,0.0
367,MLPRegressor,region_job_2_r,MSE,0.0071109868586063385,0.0
368,FMP,region_job_g,MSE,0.0003151893615722656,0.0
369,FairGNN,region_job_g,MSE,0.25333556878107266,0.0
370,FairRegGNN,region_job_g,MSE,0.007204335182905197,0.0
371,GATRegressor,region_job_g,MSE,0.008179664611816406,0.0
372,GCNRegressor,region_job_g,MSE,0.00028187036514282227,0.0
373,GINRegressor,region_job_g,MSE,0.01308418158441782,0.0
374,GraphSAGERegressor,region_job_g,MSE,0.0011768937110900879,0.0
375,MLPRegressor,region_job_g,MSE,0.001677870750427246,0.0
376,FMP,region_job_r,MSE,0.00472685694694519,0.0
377,FairGNN,region_job_r,MSE,0.060400545597076416,0.0
378,FairRegGNN,region_job_r,MSE,0.01013556495308876,0.0
379,GATRegressor,region_job_r,MSE,6.48200511932373e-05,0.0
380,GCNRegressor,region_job_r,MSE,0.008390635251998901,0.0
381,GINRegressor,region_job_r,MSE,0.01096200942993164,0.0
382,GraphSAGERegressor,region_job_r,MSE,0.003651062026619911,0.0
383,MLPRegressor,region_job_r,MSE,0.003020666539669037,0.0
384,FMP,german_e,MSE Gap,0.2634406089782715,0.0
385,FairGNN,german_e,MSE Gap,0.04261660575866699,0.0
386,FairRegGNN,german_e,MSE Gap,0.06193244457244873,0.0
387,GATRegressor,german_e,MSE Gap,0.24556575409137343,0.0
388,GCNRegressor,german_e,MSE Gap,0.26633793115615845,0.0
389,GINRegressor,german_e,MSE Gap,0.1993905285639143,0.0
390,GraphSAGERegressor,german_e,MSE Gap,0.3744993741156264,0.0
391,MLPRegressor,german_e,MSE Gap,0.3269135057926178,0.0
392,FMP,german_f,MSE Gap,0.2337293028831482,0.0
393,FairGNN,german_f,MSE Gap,0.04025298357009888,0.0
394,FairRegGNN,german_f,MSE Gap,0.04894651845097542,0.0
395,GATRegressor,german_f,MSE Gap,0.23246210904214604,0.0
396,GCNRegressor,german_f,MSE Gap,0.23585245107452918,0.0
397,GINRegressor,german_f,MSE Gap,0.36337679624557495,0.0
398,GraphSAGERegressor,german_f,MSE Gap,0.350679350866005,0.0
399,MLPRegressor,german_f,MSE Gap,0.3782901167869568,0.0
400,FMP,german_g,MSE Gap,0.22324997186660767,0.0
401,FairGNN,german_g,MSE Gap,0.030034244060516357,0.0
402,FairRegGNN,german_g,MSE Gap,0.04751473665237427,0.0
403,GATRegressor,german_g,MSE Gap,0.26445855647068234,0.0
404,GCNRegressor,german_g,MSE Gap,0.26318200518900847,0.0
405,GINRegressor,german_g,MSE Gap,0.3613760257262151,0.0
406,GraphSAGERegressor,german_g,MSE Gap,0.35780829191207886,0.0
407,MLPRegressor,german_g,MSE Gap,0.3256308436393738,0.0
408,FMP,german_h,MSE Gap,0.21457046270370483,0.0
409,FairGNN,german_h,MSE Gap,0.047367990016937256,0.0
410,FairRegGNN,german_h,MSE Gap,0.05508536100387573,0.0
411,GATRegressor,german_h,MSE Gap,0.2501441725247209,0.0
412,GCNRegressor,german_h,MSE Gap,0.2424269435582876,0.0
413,GINRegressor,german_h,MSE Gap,0.2735530365588169,0.0
414,GraphSAGERegressor,german_h,MSE Gap,0.3448633551597595,0.0
415,MLPRegressor,german_h,MSE Gap,0.38176181574095014,0.0
416,FMP,german_s,MSE Gap,0.25034981966018677,0.0
417,FairGNN,german_s,MSE Gap,0.058335959911346436,0.0
418,FairRegGNN,german_s,MSE Gap,0.048697590827941895,0.0
419,GATRegressor,german_s,MSE Gap,0.1984477110655089,0.0
420,GCNRegressor,german_s,MSE Gap,0.24730084274095882,0.0
421,GINRegressor,german_s,MSE Gap,0.267340749037954,0.0
422,GraphSAGERegressor,german_s,MSE Gap,0.35763006476452874,0.0
423,MLPRegressor,german_s,MSE Gap,0.33994275789712647,0.0
424,FMP,german_t,MSE Gap,0.20802803337574005,0.0
425,FairGNN,german_t,MSE Gap,0.043578922748565674,0.0
426,FairRegGNN,german_t,MSE Gap,0.051556944847106934,0.0
427,GATRegressor,german_t,MSE Gap,0.25141453742980957,0.0
428,GCNRegressor,german_t,MSE Gap,0.2509332135167018,0.0
429,GINRegressor,german_t,MSE Gap,0.13399894902785076,0.0
430,GraphSAGERegressor,german_t,MSE Gap,0.4118663966655731,0.0
431,MLPRegressor,german_t,MSE Gap,0.4103336036205292,0.0
432,FMP,nba_m,MSE Gap,0.09261934711570824,0.0
433,FairGNN,nba_m,MSE Gap,0.4378547668457031,0.0
434,FairRegGNN,nba_m,MSE Gap,0.05092215538024902,0.0
435,GATRegressor,nba_m,MSE Gap,0.1585878100436371,0.0
436,GCNRegressor,nba_m,MSE Gap,0.27604193579744885,0.0
437,GINRegressor,nba_m,MSE Gap,0.2042042042042042,0.0
438,GraphSAGERegressor,nba_m,MSE Gap,0.15420496463775635,0.0
439,MLPRegressor,nba_m,MSE Gap,0.14855828881263733,0.0
440,FMP,nba_p,MSE Gap,0.1681946768963597,0.0
441,FairGNN,nba_p,MSE Gap,0.12273013591766357,0.0
442,FairRegGNN,nba_p,MSE Gap,0.057610392570495605,0.0
443,GATRegressor,nba_p,MSE Gap,0.1753847897052765,0.0
444,GCNRegressor,nba_p,MSE Gap,0.1734229475259781,0.0
445,GINRegressor,nba_p,MSE Gap,0.40576502697032946,0.0
446,GraphSAGERegressor,nba_p,MSE Gap,0.21861785066133074,0.0
447,MLPRegressor,nba_p,MSE Gap,0.17544532149183395,0.0
448,FMP,region_job_2_g,MSE Gap,0.026799128948078843,0.0
449,FairGNN,region_job_2_g,MSE Gap,0.9124754369227897,0.0
450,FairRegGNN,region_job_2_g,MSE Gap,0.025346085278380778,0.0
451,GATRegressor,region_job_2_g,MSE Gap,0.04865104332566261,0.0
452,GCNRegressor,region_job_2_g,MSE Gap,0.025259059383681517,0.0
453,GINRegressor,region_job_2_g,MSE Gap,0.040372077809516266,0.0
454,GraphSAGERegressor,region_job_2_g,MSE Gap,0.033658847878558884,0.0
455,MLPRegressor,region_job_2_g,MSE Gap,0.0317117372222254,0.0
456,FMP,region_job_2_r,MSE Gap,0.08644511550664902,0.0
457,FairGNN,region_job_2_r,MSE Gap,1.273364543914795,0.0
458,FairRegGNN,region_job_2_r,MSE Gap,0.03841641545295715,0.0
459,GATRegressor,region_job_2_r,MSE Gap,0.15312744677066803,0.0
460,GCNRegressor,region_job_2_r,MSE Gap,0.14564253389835358,0.0
461,GINRegressor,region_job_2_r,MSE Gap,0.1577284038066864,0.0
462,GraphSAGERegressor,region_job_2_r,MSE Gap,0.0656358364843273,0.0
463,MLPRegressor,region_job_2_r,MSE Gap,0.06448553916968408,0.0
464,FMP,region_job_g,MSE Gap,0.01606897627163791,0.0
465,FairGNN,region_job_g,MSE Gap,0.6463724374771118,0.0
466,FairRegGNN,region_job_g,MSE Gap,0.01121494174003601,0.0
467,GATRegressor,region_job_g,MSE Gap,0.03280126361782164,0.0
468,GCNRegressor,region_job_g,MSE Gap,0.02295587956905365,0.0
469,GINRegressor,region_job_g,MSE Gap,0.025972306728363037,0.0
470,GraphSAGERegressor,region_job_g,MSE Gap,0.026159679517149925,0.0
471,MLPRegressor,region_job_g,MSE Gap,0.027384765446186066,0.0
472,FMP,region_job_r,MSE Gap,0.042089650951727835,0.0
473,FairGNN,region_job_r,MSE Gap,1.0780975818634033,0.0
474,FairRegGNN,region_job_r,MSE Gap,0.034793082957289466,0.0
475,GATRegressor,region_job_r,MSE Gap,0.10989239811897278,0.0
476,GCNRegressor,region_job_r,MSE Gap,0.06777584552764893,0.0
477,GINRegressor,region_job_r,MSE Gap,0.09945879876613617,0.0
478,GraphSAGERegressor,region_job_r,MSE Gap,0.047687664310916866,0.0
479,MLPRegressor,region_job_r,MSE Gap,0.04574619010921005,0.0
480,FMP,german_e,Mean Gap,0.19494146755218694,0.0
481,FairGNN,german_e,Mean Gap,0.04261654615402222,0.0
482,FairRegGNN,german_e,Mean Gap,0.06193244457244873,0.0
483,GATRegressor,german_e,Mean Gap,0.2359502613544464,0.0
484,GCNRegressor,german_e,Mean Gap,0.26214248179566096,0.0
485,GINRegressor,german_e,Mean Gap,0.13812776818557165,0.0
486,GraphSAGERegressor,german_e,Mean Gap,0.33556039336386156,0.0
487,MLPRegressor,german_e,Mean Gap,0.29712484047744164,0.0
488,FMP,german_f,Mean Gap,0.20111696950732771,0.0
489,FairGNN,german_f,Mean Gap,0.0402529239654541,0.0
490,FairRegGNN,german_f,Mean Gap,0.044691503047943115,0.0
491,GATRegressor,german_f,Mean Gap,0.23225635290145874,0.0
492,GCNRegressor,german_f,Mean Gap,0.23575004935264587,0.0
493,GINRegressor,german_f,Mean Gap,0.18202948570251465,0.0
494,GraphSAGERegressor,german_f,Mean Gap,0.34848880767822266,0.0
495,MLPRegressor,german_f,Mean Gap,0.37046768260641094,0.0
496,FMP,german_g,Mean Gap,0.18315038294277966,0.0
497,FairGNN,german_g,Mean Gap,0.030034124851226807,0.0
498,FairRegGNN,german_g,Mean Gap,0.04751461744308472,0.0
499,GATRegressor,german_g,Mean Gap,0.2550109028816223,0.0
500,GCNRegressor,german_g,Mean Gap,0.26318198442459106,0.0
501,GINRegressor,german_g,Mean Gap,0.2665494680404663,0.0
502,GraphSAGERegressor,german_g,Mean Gap,0.3523889482021332,0.0
503,MLPRegressor,german_g,Mean Gap,0.2924705352451017,0.0
504,FMP,german_h,Mean Gap,0.20218402744708802,0.0
505,FairGNN,german_h,Mean Gap,0.047367751598358154,0.0
506,FairRegGNN,german_h,Mean Gap,0.05508524179458618,0.0
507,GATRegressor,german_h,Mean Gap,0.2501441538333893,0.0
508,GCNRegressor,german_h,Mean Gap,0.24192079901695251,0.0
509,GINRegressor,german_h,Mean Gap,0.25989973545074463,0.0
510,GraphSAGERegressor,german_h,Mean Gap,0.32291966676712036,0.0
511,MLPRegressor,german_h,Mean Gap,0.3501238645747316,0.0
512,FMP,german_s,Mean Gap,0.2160247374601731,0.0
513,FairGNN,german_s,Mean Gap,0.05833578109741211,0.0
514,FairRegGNN,german_s,Mean Gap,0.048697590827941895,0.0
515,GATRegressor,german_s,Mean Gap,0.19844770431518555,0.0
516,GCNRegressor,german_s,Mean Gap,0.24636566638946533,0.0
517,GINRegressor,german_s,Mean Gap,0.2561068534851074,0.0
518,GraphSAGERegressor,german_s,Mean Gap,0.34164101794159596,0.0
519,MLPRegressor,german_s,Mean Gap,0.3397623300552368,0.0
520,FMP,german_t,Mean Gap,0.18082126779391577,0.0
521,FairGNN,german_t,Mean Gap,0.04357880353927612,0.0
522,FairRegGNN,german_t,Mean Gap,0.05155688524246216,0.0
523,GATRegressor,german_t,Mean Gap,0.2514145206502027,0.0
524,GCNRegressor,german_t,Mean Gap,0.2509332001209259,0.0
525,GINRegressor,german_t,Mean Gap,0.13320982456207275,0.0
526,GraphSAGERegressor,german_t,Mean Gap,0.34299226784775916,0.0
527,MLPRegressor,german_t,Mean Gap,0.4093536521282186,0.0
528,FMP,nba_m,Mean Gap,0.05222240090370178,0.0
529,FairGNN,nba_m,Mean Gap,0.437854528427124,0.0
530,FairRegGNN,nba_m,Mean Gap,0.048993103977132454,0.0
531,GATRegressor,nba_m,Mean Gap,0.1560840606689453,0.0
532,GCNRegressor,nba_m,Mean Gap,0.24299590289592743,0.0
533,GINRegressor,nba_m,Mean Gap,0.1892606019973755,0.0
534,GraphSAGERegressor,nba_m,Mean Gap,0.15051916241645813,0.0
535,MLPRegressor,nba_m,Mean Gap,0.12956863641738892,0.0
536,FMP,nba_p,Mean Gap,0.16415798664093018,0.0
537,FairGNN,nba_p,Mean Gap,0.1106271743774414,0.0
538,FairRegGNN,nba_p,Mean Gap,0.05761033296585083,0.0
539,GATRegressor,nba_p,Mean Gap,0.1728242188692093,0.0
540,GCNRegressor,nba_p,Mean Gap,0.15816238798193527,0.0
541,GINRegressor,nba_p,Mean Gap,0.36276002029426685,0.0
542,GraphSAGERegressor,nba_p,Mean Gap,0.15169964485032977,0.0
543,MLPRegressor,nba_p,Mean Gap,0.15728056823947234,0.0
544,FMP,region_job_2_g,Mean Gap,0.02573893964290619,0.0
545,FairGNN,region_job_2_g,Mean Gap,0.9124753475189209,0.0
546,FairRegGNN,region_job_2_g,Mean Gap,0.011925600469112396,0.0
547,GATRegressor,region_job_2_g,Mean Gap,0.03767533258504264,0.0
548,GCNRegressor,region_job_2_g,Mean Gap,0.019977055490016937,0.0
549,GINRegressor,region_job_2_g,Mean Gap,0.028468187052434847,0.0
550,GraphSAGERegressor,region_job_2_g,Mean Gap,0.027034103870391846,0.0
551,MLPRegressor,region_job_2_g,Mean Gap,0.028589874505996704,0.0
552,FMP,region_job_2_r,Mean Gap,0.08259208529369791,0.0
553,FairGNN,region_job_2_r,Mean Gap,0.7821518778800964,0.0
554,FairRegGNN,region_job_2_r,Mean Gap,0.03615882415380081,0.0
555,GATRegressor,region_job_2_r,Mean Gap,0.08556964276550771,0.0
556,GCNRegressor,region_job_2_r,Mean Gap,0.08477686815454033,0.0
557,GINRegressor,region_job_2_r,Mean Gap,0.12077849408850339,0.0
558,GraphSAGERegressor,region_job_2_r,Mean Gap,0.025876136496663094,0.0
559,MLPRegressor,region_job_2_r,Mean Gap,0.027541490271687508,0.0
560,FMP,region_job_g,Mean Gap,0.014048291370272636,0.0
561,FairGNN,region_job_g,Mean Gap,0.6463724117114832,0.0
562,FairRegGNN,region_job_g,Mean Gap,0.011171080078863685,0.0
563,GATRegressor,region_job_g,Mean Gap,0.032615311443805695,0.0
564,GCNRegressor,region_job_g,Mean Gap,0.022008882632086245,0.0
565,GINRegressor,region_job_g,Mean Gap,0.02507715675119419,0.0
566,GraphSAGERegressor,region_job_g,Mean Gap,0.02133801156338681,0.0
567,MLPRegressor,region_job_g,Mean Gap,0.022252105176448822,0.0
568,FMP,region_job_r,Mean Gap,0.04172993078827858,0.0
569,FairGNN,region_job_r,Mean Gap,0.6480173468589783,0.0
570,FairRegGNN,region_job_r,Mean Gap,0.032958075404167175,0.0
571,GATRegressor,region_job_r,Mean Gap,0.06329774539120137,0.0
572,GCNRegressor,region_job_r,Mean Gap,0.0641183853149414,0.0
573,GINRegressor,region_job_r,Mean Gap,0.07542317147154018,0.0
574,GraphSAGERegressor,region_job_r,Mean Gap,0.02949199639260769,0.0
575,MLPRegressor,region_job_r,Mean Gap,0.03201990947127342,0.0
576,FMP,german_e,Neighborhood Consistency,0.07088172435760498,0.0
577,FairGNN,german_e,Neighborhood Consistency,0.008975738659501076,0.0
578,FairRegGNN,german_e,Neighborhood Consistency,0.013898218050599098,0.0
579,GATRegressor,german_e,Neighborhood Consistency,0.05718177556991577,0.0
580,GCNRegressor,german_e,Neighborhood Consistency,0.014209568500518799,0.0
581,GINRegressor,german_e,Neighborhood Consistency,0.08670103549957275,0.0
582,GraphSAGERegressor,german_e,Neighborhood Consistency,0.0564541220664978,0.0
583,MLPRegressor,german_e,Neighborhood Consistency,0.05102425813674927,0.0
584,FMP,german_f,Neighborhood Consistency,0.0468747615814209,0.0
585,FairGNN,german_f,Neighborhood Consistency,0.0016355812549591064,0.0
586,FairRegGNN,german_f,Neighborhood Consistency,0.0018023615702986717,0.0
587,GATRegressor,german_f,Neighborhood Consistency,0.03975725173950195,0.0
588,GCNRegressor,german_f,Neighborhood Consistency,0.0256766676902771,0.0
589,GINRegressor,german_f,Neighborhood Consistency,0.11811693757772446,0.0
590,GraphSAGERegressor,german_f,Neighborhood Consistency,0.04639792442321777,0.0
591,MLPRegressor,german_f,Neighborhood Consistency,0.05611300468444824,0.0
592,FMP,german_g,Neighborhood Consistency,0.04768359661102295,0.0
593,FairGNN,german_g,Neighborhood Consistency,0.016803724691271782,0.0
594,FairRegGNN,german_g,Neighborhood Consistency,0.006735721603035927,0.0
595,GATRegressor,german_g,Neighborhood Consistency,0.02414393424987793,0.0
596,GCNRegressor,german_g,Neighborhood Consistency,0.04150921106338501,0.0
597,GINRegressor,german_g,Neighborhood Consistency,0.22353780269622803,0.0
598,GraphSAGERegressor,german_g,Neighborhood Consistency,0.020394086837768555,0.0
599,MLPRegressor,german_g,Neighborhood Consistency,0.06479644775390625,0.0
600,FMP,german_h,Neighborhood Consistency,0.03808063268661499,0.0
601,FairGNN,german_h,Neighborhood Consistency,0.007761797867715359,0.0
602,FairRegGNN,german_h,Neighborhood Consistency,0.010615300387144089,0.0
603,GATRegressor,german_h,Neighborhood Consistency,0.03477513790130615,0.0
604,GCNRegressor,german_h,Neighborhood Consistency,0.021411895751953125,0.0
605,GINRegressor,german_h,Neighborhood Consistency,0.027682006359100342,0.0
606,GraphSAGERegressor,german_h,Neighborhood Consistency,0.06244504451751709,0.0
607,MLPRegressor,german_h,Neighborhood Consistency,0.061126649379730225,0.0
608,FMP,german_s,Neighborhood Consistency,0.049220263957977295,0.0
609,FairGNN,german_s,Neighborhood Consistency,0.014660471118986607,0.0
610,FairRegGNN,german_s,Neighborhood Consistency,0.0023311360273510218,0.0
611,GATRegressor,german_s,Neighborhood Consistency,0.007567703723907471,0.0
612,GCNRegressor,german_s,Neighborhood Consistency,0.032953500747680664,0.0
613,GINRegressor,german_s,Neighborhood Consistency,0.09889638423919678,0.0
614,GraphSAGERegressor,german_s,Neighborhood Consistency,0.039325177669525146,0.0
615,MLPRegressor,german_s,Neighborhood Consistency,0.05053675174713135,0.0
616,FMP,german_t,Neighborhood Consistency,0.04532116651535034,0.0
617,FairGNN,german_t,Neighborhood Consistency,0.008379255421459675,0.0
618,FairRegGNN,german_t,Neighborhood Consistency,0.0056893546134233475,0.0
619,GATRegressor,german_t,Neighborhood Consistency,0.03530383110046387,0.0
620,GCNRegressor,german_t,Neighborhood Consistency,0.016222774982452393,0.0
621,GINRegressor,german_t,Neighborhood Consistency,0.10429847240447998,0.0
622,GraphSAGERegressor,german_t,Neighborhood Consistency,0.012584507465362549,0.0
623,MLPRegressor,german_t,Neighborhood Consistency,0.02393174171447754,0.0
624,FMP,nba_m,Neighborhood Consistency,0.011271476745605469,0.0
625,FairGNN,nba_m,Neighborhood Consistency,0.38870233601379633,0.0
626,FairRegGNN,nba_m,Neighborhood Consistency,0.026004338636994362,0.0
627,GATRegressor,nba_m,Neighborhood Consistency,0.09390848875045776,0.0
628,GCNRegressor,nba_m,Neighborhood Consistency,0.02001655101776123,0.0
629,GINRegressor,nba_m,Neighborhood Consistency,0.01621067523956299,0.0
630,GraphSAGERegressor,nba_m,Neighborhood Consistency,0.012189418077468872,0.0
631,MLPRegressor,nba_m,Neighborhood Consistency,0.014679208397865295,0.0
632,FMP,nba_p,Neighborhood Consistency,0.05232197046279907,0.0
633,FairGNN,nba_p,Neighborhood Consistency,0.02645719051361084,0.0
634,FairRegGNN,nba_p,Neighborhood Consistency,0.014726631343364716,0.0
635,GATRegressor,nba_p,Neighborhood Consistency,0.045101940631866455,0.0
636,GCNRegressor,nba_p,Neighborhood Consistency,0.09208649396896362,0.0
637,GINRegressor,nba_p,Neighborhood Consistency,0.019185304641723633,0.0
638,GraphSAGERegressor,nba_p,Neighborhood Consistency,0.08045847713947296,0.0
639,MLPRegressor,nba_p,Neighborhood Consistency,0.024753719568252563,0.0
640,FMP,region_job_2_g,Neighborhood Consistency,0.005238860845565796,0.0
641,FairGNN,region_job_2_g,Neighborhood Consistency,0.44907283782958984,0.0
642,FairRegGNN,region_job_2_g,Neighborhood Consistency,0.00200653076171875,0.0
643,GATRegressor,region_job_2_g,Neighborhood Consistency,0.004883140325546265,0.0
644,GCNRegressor,region_job_2_g,Neighborhood Consistency,0.005578577518463135,0.0
645,GINRegressor,region_job_2_g,Neighborhood Consistency,0.020351827144622803,0.0
646,GraphSAGERegressor,region_job_2_g,Neighborhood Consistency,0.017101041972637177,0.0
647,MLPRegressor,region_job_2_g,Neighborhood Consistency,0.02234789729118347,0.0
648,FMP,region_job_2_r,Neighborhood Consistency,0.012378036975860596,0.0
649,FairGNN,region_job_2_r,Neighborhood Consistency,0.5198416665085018,0.0
650,FairRegGNN,region_job_2_r,Neighborhood Consistency,0.019860804080963135,0.0
651,GATRegressor,region_job_2_r,Neighborhood Consistency,0.005687117576599121,0.0
652,GCNRegressor,region_job_2_r,Neighborhood Consistency,0.027237236499786377,0.0
653,GINRegressor,region_job_2_r,Neighborhood Consistency,0.02012854814529419,0.0
654,GraphSAGERegressor,region_job_2_r,Neighborhood Consistency,0.013209939002990723,0.0
655,MLPRegressor,region_job_2_r,Neighborhood Consistency,0.011298269033432007,0.0
656,FMP,region_job_g,Neighborhood Consistency,0.002025216817855835,0.0
657,FairGNN,region_job_g,Neighborhood Consistency,0.321710467338562,0.0
658,FairRegGNN,region_job_g,Neighborhood Consistency,0.008766412734985352,0.0
659,GATRegressor,region_job_g,Neighborhood Consistency,0.008179694414138794,0.0
660,GCNRegressor,region_job_g,Neighborhood Consistency,0.0010027885437011719,0.0
661,GINRegressor,region_job_g,Neighborhood Consistency,0.018910910249474965,0.0
662,GraphSAGERegressor,region_job_g,Neighborhood Consistency,0.00905626267194748,0.0
663,MLPRegressor,region_job_g,Neighborhood Consistency,0.013274069875478745,0.0
664,FMP,region_job_r,Neighborhood Consistency,0.00472685694694519,0.0
665,FairGNN,region_job_r,Neighborhood Consistency,0.29955077171325684,0.0
666,FairRegGNN,region_job_r,Neighborhood Consistency,0.019127726554870605,0.0
667,GATRegressor,region_job_r,Neighborhood Consistency,6.4849853515625e-05,0.0
668,GCNRegressor,region_job_r,Neighborhood Consistency,0.016373634338378906,0.0
669,GINRegressor,region_job_r,Neighborhood Consistency,0.010962069034576416,0.0
670,GraphSAGERegressor,region_job_r,Neighborhood Consistency,0.004809096455574036,0.0
671,MLPRegressor,region_job_r,Neighborhood Consistency,0.003020666539669037,0.0
672,FMP,german_e,Var Gap,0.3373620599054125,0.0
673,FairGNN,german_e,Var Gap,0.24209894152090683,0.0
674,FairRegGNN,german_e,Var Gap,0.21972824862998275,0.0
675,GATRegressor,german_e,Var Gap,0.33841303205465056,0.0
676,GCNRegressor,german_e,Var Gap,0.35933029651641846,0.0
677,GINRegressor,german_e,Var Gap,0.9163033366203308,0.0
678,GraphSAGERegressor,german_e,Var Gap,0.4524156153202057,0.0
679,MLPRegressor,german_e,Var Gap,0.4764567017555237,0.0
680,FMP,german_f,Var Gap,0.35605435027400345,0.0
681,FairGNN,german_f,Var Gap,0.14315742061406803,0.0
682,FairRegGNN,german_f,Var Gap,0.1303205465055176,0.0
683,GATRegressor,german_f,Var Gap,0.3111628256136927,0.0
684,GCNRegressor,german_f,Var Gap,0.3563649654388428,0.0
685,GINRegressor,german_f,Var Gap,0.9442000985145569,0.0
686,GraphSAGERegressor,german_f,Var Gap,0.4226331412792206,0.0
687,MLPRegressor,german_f,Var Gap,0.421018123626709,0.0
688,FMP,german_g,Var Gap,0.3184445612191277,0.0
689,FairGNN,german_g,Var Gap,0.3064334509421215,0.0
690,FairRegGNN,german_g,Var Gap,0.2934464379551085,0.0
691,GATRegressor,german_g,Var Gap,0.31758058071136475,0.0
692,GCNRegressor,german_g,Var Gap,0.33707141876220703,0.0
693,GINRegressor,german_g,Var Gap,0.9472522139549255,0.0
694,GraphSAGERegressor,german_g,Var Gap,0.3905862923203964,0.0
695,MLPRegressor,german_g,Var Gap,0.415449857711792,0.0
696,FMP,german_h,Var Gap,0.37039261316717964,0.0
697,FairGNN,german_h,Var Gap,0.4975602432249831,0.0
698,FairRegGNN,german_h,Var Gap,0.25531116282561367,0.0
699,GATRegressor,german_h,Var Gap,0.3008032429997748,0.0
700,GCNRegressor,german_h,Var Gap,0.35485121607780457,0.0
701,GINRegressor,german_h,Var Gap,0.6186138987541199,0.0
702,GraphSAGERegressor,german_h,Var Gap,0.42695504426956177,0.0
703,MLPRegressor,german_h,Var Gap,0.4236243665218353,0.0
704,FMP,german_s,Var Gap,0.31273928383754973,0.0
705,FairGNN,german_s,Var Gap,0.6532542601906763,0.0
706,FairRegGNN,german_s,Var Gap,0.11147811725846409,0.0
707,GATRegressor,german_s,Var Gap,0.2879663688912244,0.0
708,GCNRegressor,german_s,Var Gap,0.34581258893013,0.0
709,GINRegressor,german_s,Var Gap,1.1268640756607056,0.0
710,GraphSAGERegressor,german_s,Var Gap,0.3662479817867279,0.0
711,MLPRegressor,german_s,Var Gap,0.4210954010486603,0.0
712,FMP,german_t,Var Gap,0.34584490653854816,0.0
713,FairGNN,german_t,Var Gap,0.3858569176488252,0.0
714,FairRegGNN,german_t,Var Gap,0.13459950454170108,0.0
715,GATRegressor,german_t,Var Gap,0.3109376172959988,0.0
716,GCNRegressor,german_t,Var Gap,0.3317476809024811,0.0
717,GINRegressor,german_t,Var Gap,0.5269681215286255,0.0
718,GraphSAGERegressor,german_t,Var Gap,0.44173845648765564,0.0
719,MLPRegressor,german_t,Var Gap,0.4194402790344314,0.0
720,FMP,nba_m,Var Gap,0.4830833673477173,0.0
721,FairGNN,nba_m,Var Gap,1.6008946895599365,0.0
722,FairRegGNN,nba_m,Var Gap,0.21421421421421422,0.0
723,GATRegressor,nba_m,Var Gap,0.21280086040496826,0.0
724,GCNRegressor,nba_m,Var Gap,0.38757768273353577,0.0
725,GINRegressor,nba_m,Var Gap,0.6545521020889282,0.0
726,GraphSAGERegressor,nba_m,Var Gap,0.16726351298906417,0.0
727,MLPRegressor,nba_m,Var Gap,0.1719707242931958,0.0
728,FMP,nba_p,Var Gap,0.2572298325722983,0.0
729,FairGNN,nba_p,Var Gap,0.365296803652968,0.0
730,FairRegGNN,nba_p,Var Gap,0.343480466768138,0.0
731,GATRegressor,nba_p,Var Gap,0.4530695078640284,0.0
732,GCNRegressor,nba_p,Var Gap,0.3571790969051243,0.0
733,GINRegressor,nba_p,Var Gap,0.8397716879844666,0.0
734,GraphSAGERegressor,nba_p,Var Gap,0.3683934211730957,0.0
735,MLPRegressor,nba_p,Var Gap,0.2881695032119751,0.0
736,FMP,region_job_2_g,Var Gap,0.2806198298931122,0.0
737,FairGNN,region_job_2_g,Var Gap,2.1078662872314453,0.0
738,FairRegGNN,region_job_2_g,Var Gap,0.29058510065078735,0.0
739,GATRegressor,region_job_2_g,Var Gap,0.2640896141529083,0.0
740,GCNRegressor,region_job_2_g,Var Gap,0.45802953839302063,0.0
741,GINRegressor,region_job_2_g,Var Gap,0.6183475852012634,0.0
742,GraphSAGERegressor,region_job_2_g,Var Gap,0.05577726584694557,0.0
743,MLPRegressor,region_job_2_g,Var Gap,0.055063999622263035,0.0
744,FMP,region_job_2_r,Var Gap,0.3454296588897705,0.0
745,FairGNN,region_job_2_r,Var Gap,2.818985939025879,0.0
746,FairRegGNN,region_job_2_r,Var Gap,0.3125489056110382,0.0
747,GATRegressor,region_job_2_r,Var Gap,0.26003316044807434,0.0
748,GCNRegressor,region_job_2_r,Var Gap,0.46287262439727783,0.0
749,GINRegressor,region_job_2_r,Var Gap,0.6004508137702942,0.0
750,GraphSAGERegressor,region_job_2_r,Var Gap,0.1386077334296114,0.0
751,MLPRegressor,region_job_2_r,Var Gap,0.13023096760427774,0.0
752,FMP,region_job_g,Var Gap,0.27088603377342224,0.0
753,FairGNN,region_job_g,Var Gap,1.5410985946655273,0.0
754,FairRegGNN,region_job_g,Var Gap,0.30795639753341675,0.0
755,GATRegressor,region_job_g,Var Gap,0.2656175494194031,0.0
756,GCNRegressor,region_job_g,Var Gap,0.447409063577652,0.0
757,GINRegressor,region_job_g,Var Gap,0.634395956993103,0.0
758,GraphSAGERegressor,region_job_g,Var Gap,0.03138223969573398,0.0
759,MLPRegressor,region_job_g,Var Gap,0.032160352915525436,0.0
760,FMP,region_job_r,Var Gap,0.2715210020542145,0.0
761,FairGNN,region_job_r,Var Gap,1.0816264152526855,0.0
762,FairRegGNN,region_job_r,Var Gap,0.30656492710113525,0.0
763,GATRegressor,region_job_r,Var Gap,0.2710578441619873,0.0
764,GCNRegressor,region_job_r,Var Gap,0.45563191175460815,0.0
765,GINRegressor,region_job_r,Var Gap,0.6527281999588013,0.0
766,GraphSAGERegressor,region_job_r,Var Gap,0.08266062050683769,0.0
767,MLPRegressor,region_job_r,Var Gap,0.0785433185306719,0.0
768,FMP,german_e,Wasserstein Gap,0.19467830657958984,0.0
769,FairGNN,german_e,Wasserstein Gap,0.016380177810788155,0.0
770,FairRegGNN,german_e,Wasserstein Gap,0.03262942284345627,0.0
771,GATRegressor,german_e,Wasserstein Gap,0.09222477674484253,0.0
772,GCNRegressor,german_e,Wasserstein Gap,0.12176984548568726,0.0
773,GINRegressor,german_e,Wasserstein Gap,0.13367322087287903,0.0
774,GraphSAGERegressor,german_e,Wasserstein Gap,0.2790093421936035,0.0
775,MLPRegressor,german_e,Wasserstein Gap,0.2084706425666809,0.0
776,FMP,german_f,Wasserstein Gap,0.20005662739276886,0.0
777,FairGNN,german_f,Wasserstein Gap,0.0054003531113266945,0.0
778,FairRegGNN,german_f,Wasserstein Gap,0.044691503047943115,0.0
779,GATRegressor,german_f,Wasserstein Gap,0.10747766494750977,0.0
780,GCNRegressor,german_f,Wasserstein Gap,0.07897073030471802,0.0
781,GINRegressor,german_f,Wasserstein Gap,0.18202942609786987,0.0
782,GraphSAGERegressor,german_f,Wasserstein Gap,0.28953003883361816,0.0
783,MLPRegressor,german_f,Wasserstein Gap,0.27619171142578125,0.0
784,FMP,german_g,Wasserstein Gap,0.1811198890209198,0.0
785,FairGNN,german_g,Wasserstein Gap,0.018175967037677765,0.0
786,FairRegGNN,german_g,Wasserstein Gap,0.026562752202153206,0.0
787,GATRegressor,german_g,Wasserstein Gap,0.11013925075531006,0.0
788,GCNRegressor,german_g,Wasserstein Gap,0.0780450701713562,0.0
789,GINRegressor,german_g,Wasserstein Gap,0.26654911041259766,0.0
790,GraphSAGERegressor,german_g,Wasserstein Gap,0.2500062584877014,0.0
791,MLPRegressor,german_g,Wasserstein Gap,0.28430724143981934,0.0
792,FMP,german_h,Wasserstein Gap,0.20173856616020203,0.0
793,FairGNN,german_h,Wasserstein Gap,0.010594255312703672,0.0
794,FairRegGNN,german_h,Wasserstein Gap,0.03050505928695202,0.0
795,GATRegressor,german_h,Wasserstein Gap,0.11338788270950317,0.0
796,GCNRegressor,german_h,Wasserstein Gap,0.09206300973892212,0.0
797,GINRegressor,german_h,Wasserstein Gap,0.2572307884693146,0.0
798,GraphSAGERegressor,german_h,Wasserstein Gap,0.31288942271601233,0.0
799,MLPRegressor,german_h,Wasserstein Gap,0.3242393732070923,0.0
800,FMP,german_s,Wasserstein Gap,0.21550658345222473,0.0
801,FairGNN,german_s,Wasserstein Gap,0.025873742997646332,0.0
802,FairRegGNN,german_s,Wasserstein Gap,0.04443579912185669,0.0
803,GATRegressor,german_s,Wasserstein Gap,0.1539122462272644,0.0
804,GCNRegressor,german_s,Wasserstein Gap,0.07417690753936768,0.0
805,GINRegressor,german_s,Wasserstein Gap,0.11230388109000826,0.0
806,GraphSAGERegressor,german_s,Wasserstein Gap,0.2619703412055969,0.0
807,MLPRegressor,german_s,Wasserstein Gap,0.26615017652511597,0.0
808,FMP,german_t,Wasserstein Gap,0.17776496708393097,0.0
809,FairGNN,german_t,Wasserstein Gap,0.009053181121097152,0.0
810,FairRegGNN,german_t,Wasserstein Gap,0.04410342499613762,0.0
811,GATRegressor,german_t,Wasserstein Gap,0.11052507162094116,0.0
812,GCNRegressor,german_t,Wasserstein Gap,0.1176186203956604,0.0
813,GINRegressor,german_t,Wasserstein Gap,0.13320982456207275,0.0
814,GraphSAGERegressor,german_t,Wasserstein Gap,0.1897076964378357,0.0
815,MLPRegressor,german_t,Wasserstein Gap,0.2481074333190918,0.0
816,FMP,nba_m,Wasserstein Gap,0.03907284140586853,0.0
817,FairGNN,nba_m,Wasserstein Gap,0.4239239239239239,0.0
818,FairRegGNN,nba_m,Wasserstein Gap,0.04189187288284302,0.0
819,GATRegressor,nba_m,Wasserstein Gap,0.13991309702396393,0.0
820,GCNRegressor,nba_m,Wasserstein Gap,0.15659773349761963,0.0
821,GINRegressor,nba_m,Wasserstein Gap,0.0790736973285675,0.0
822,GraphSAGERegressor,nba_m,Wasserstein Gap,0.10792291909456253,0.0
823,MLPRegressor,nba_m,Wasserstein Gap,0.09916217625141144,0.0
824,FMP,nba_p,Wasserstein Gap,0.1588890552520752,0.0
825,FairGNN,nba_p,Wasserstein Gap,0.04721152409911156,0.0
826,FairRegGNN,nba_p,Wasserstein Gap,0.05056477338075638,0.0
827,GATRegressor,nba_p,Wasserstein Gap,0.10400158166885376,0.0
828,GCNRegressor,nba_p,Wasserstein Gap,0.13461893796920776,0.0
829,GINRegressor,nba_p,Wasserstein Gap,0.19204464554786682,0.0
830,GraphSAGERegressor,nba_p,Wasserstein Gap,0.0926750898361206,0.0
831,MLPRegressor,nba_p,Wasserstein Gap,0.027548164129257202,0.0
832,FMP,region_job_2_g,Wasserstein Gap,0.0061206817626953125,0.0
833,FairGNN,region_job_2_g,Wasserstein Gap,0.4894702434539795,0.0
834,FairRegGNN,region_job_2_g,Wasserstein Gap,0.0033079981803894043,0.0
835,GATRegressor,region_job_2_g,Wasserstein Gap,0.013456642627716064,0.0
836,GCNRegressor,region_job_2_g,Wasserstein Gap,0.014539361000061035,0.0
837,GINRegressor,region_job_2_g,Wasserstein Gap,0.023242194205522537,0.0
838,GraphSAGERegressor,region_job_2_g,Wasserstein Gap,0.02686377987265587,0.0
839,MLPRegressor,region_job_2_g,Wasserstein Gap,0.022842824459075928,0.0
840,FMP,region_job_2_r,Wasserstein Gap,0.019579201936721802,0.0
841,FairGNN,region_job_2_r,Wasserstein Gap,0.6862814426422119,0.0
842,FairRegGNN,region_job_2_r,Wasserstein Gap,0.0291021466255188,0.0
843,GATRegressor,region_job_2_r,Wasserstein Gap,0.006500214338302612,0.0
844,GCNRegressor,region_job_2_r,Wasserstein Gap,0.03659540414810181,0.0
845,GINRegressor,region_job_2_r,Wasserstein Gap,0.03203612565994263,0.0
846,GraphSAGERegressor,region_job_2_r,Wasserstein Gap,0.013646423816680908,0.0
847,MLPRegressor,region_job_2_r,Wasserstein Gap,0.018882453441619873,0.0
848,FMP,region_job_g,Wasserstein Gap,0.006566882133483887,0.0
849,FairGNN,region_job_g,Wasserstein Gap,0.41388189792633057,0.0
850,FairRegGNN,region_job_g,Wasserstein Gap,0.011160499298644287,0.0
851,GATRegressor,region_job_g,Wasserstein Gap,0.0151081383228302,0.0
852,GCNRegressor,region_job_g,Wasserstein Gap,0.008132368326187134,0.0
853,GINRegressor,region_job_g,Wasserstein Gap,0.021067678928375244,0.0
854,GraphSAGERegressor,region_job_g,Wasserstein Gap,0.015962213277816772,0.0
855,MLPRegressor,region_job_g,Wasserstein Gap,0.022252097725868225,0.0
856,FMP,region_job_r,Wasserstein Gap,0.006176888942718506,0.0
857,FairGNN,region_job_r,Wasserstein Gap,0.5410291373826699,0.0
858,FairRegGNN,region_job_r,Wasserstein Gap,0.029197216033935547,0.0
859,GATRegressor,region_job_r,Wasserstein Gap,0.02825385332107544,0.0
860,GCNRegressor,region_job_r,Wasserstein Gap,0.05838661548485474,0.0
861,GINRegressor,region_job_r,Wasserstein Gap,0.021018415689468384,0.0
862,GraphSAGERegressor,region_job_r,Wasserstein Gap,0.010185182094573975,0.0
863,MLPRegressor,region_job_r,Wasserstein Gap,0.0162961483001709,0.0
